{
  "a1": [
    [
      137.0,
      79.0
    ],
    [
      179.70870971679688,
      77.8266830444336
    ],
    [
      180.599609375,
      116.177001953125
    ],
    [
      138.17965698242188,
      117.01130676269531
    ]
  ],
  "a2": [
    [
      179.70870971679688,
      77.8266830444336
    ],
    [
      223.17262268066406,
      76.63262176513672
    ],
    [
      223.7643585205078,
      115.32804870605469
    ],
    [
      180.599609375,
      116.177001953125
    ]
  ],
  "a3": [
    [
      223.17262268066406,
      76.63262176513672
    ],
    [
      267.4119567871094,
      75.41725158691406
    ],
    [
      267.6936950683594,
      114.46405029296875
    ],
    [
      223.7643585205078,
      115.32804870605469
    ]
  ],
  "a4": [
    [
      267.4119567871094,
      75.41725158691406
    ],
    [
      312.4476318359375,
      74.18000793457031
    ],
    [
      312.4081115722656,
      113.5846176147461
    ],
    [
      267.6936950683594,
      114.46405029296875
    ]
  ],
  "a5": [
    [
      312.4476318359375,
      74.18000793457031
    ],
    [
      358.3013610839844,
      72.92029571533203
    ],
    [
      357.9288635253906,
      112.68932342529297
    ],
    [
      312.4081115722656,
      113.5846176147461
    ]
  ],
  "a6": [
    [
      358.3013610839844,
      72.92029571533203
    ],
    [
      404.9956359863281,
      71.63748168945312
    ],
    [
      404.2779541015625,
      111.77774047851562
    ],
    [
      357.9288635253906,
      112.68932342529297
    ]
  ],
  "a7": [
    [
      404.9956359863281,
      71.63748168945312
    ],
    [
      452.55377197265625,
      70.33094024658203
    ],
    [
      451.4781799316406,
      110.84941864013672
    ],
    [
      404.2779541015625,
      111.77774047851562
    ]
  ],
  "a8": [
    [
      452.55377197265625,
      70.33094024658203
    ],
    [
      501.0,
      69.0
    ],
    [
      499.5532531738281,
      109.90388488769531
    ],
    [
      451.4781799316406,
      110.84941864013672
    ]
  ],
  "b1": [
    [
      138.17965698242188,
      117.01130676269531
    ],
    [
      180.599609375,
      116.177001953125
    ],
    [
      181.47811889648438,
      153.99403381347656
    ],
    [
      139.3430633544922,
      154.4985809326172
    ]
  ],
  "b2": [
    [
      180.599609375,
      116.177001953125
    ],
    [
      223.7643585205078,
      115.32804870605469
    ],
    [
      224.34779357910156,
      153.48069763183594
    ],
    [
      181.47811889648438,
      153.99403381347656
    ]
  ],
  "b3": [
    [
      223.7643585205078,
      115.32804870605469
    ],
    [
      267.6936950683594,
      114.46405029296875
    ],
    [
      267.9714660644531,
      152.9583282470703
    ],
    [
      224.34779357910156,
      153.48069763183594
    ]
  ],
  "b4": [
    [
      267.6936950683594,
      114.46405029296875
    ],
    [
      312.4081115722656,
      113.5846176147461
    ],
    [
      312.3691711425781,
      152.42669677734375
    ],
    [
      267.9714660644531,
      152.9583282470703
    ]
  ],
  "b5": [
    [
      312.4081115722656,
      113.5846176147461
    ],
    [
      357.9288635253906,
      112.68932342529297
    ],
    [
      357.5617370605469,
      151.8855438232422
    ],
    [
      312.3691711425781,
      152.42669677734375
    ]
  ],
  "b6": [
    [
      357.9288635253906,
      112.68932342529297
    ],
    [
      404.2779541015625,
      111.77774047851562
    ],
    [
      403.5707092285156,
      151.33460998535156
    ],
    [
      357.5617370605469,
      151.8855438232422
    ]
  ],
  "b7": [
    [
      404.2779541015625,
      111.77774047851562
    ],
    [
      451.4781799316406,
      110.84941864013672
    ],
    [
      450.4183654785156,
      150.7736358642578
    ],
    [
      403.5707092285156,
      151.33460998535156
    ]
  ],
  "b8": [
    [
      451.4781799316406,
      110.84941864013672
    ],
    [
      499.5532531738281,
      109.90388488769531
    ],
    [
      498.1278991699219,
      150.2023468017578
    ],
    [
      450.4183654785156,
      150.7736358642578
    ]
  ],
  "c1": [
    [
      139.3430633544922,
      154.4985809326172
    ],
    [
      181.47811889648438,
      153.99403381347656
    ],
    [
      182.34449768066406,
      191.288818359375
    ],
    [
      140.4905242919922,
      191.47254943847656
    ]
  ],
  "c2": [
    [
      181.47811889648438,
      153.99403381347656
    ],
    [
      224.34779357910156,
      153.48069763183594
    ],
    [
      224.923095703125,
      191.10191345214844
    ],
    [
      182.34449768066406,
      191.288818359375
    ]
  ],
  "c3": [
    [
      224.34779357910156,
      153.48069763183594
    ],
    [
      267.9714660644531,
      152.9583282470703
    ],
    [
      268.24530029296875,
      190.91172790527344
    ],
    [
      224.923095703125,
      191.10191345214844
    ]
  ],
  "c4": [
    [
      267.9714660644531,
      152.9583282470703
    ],
    [
      312.3691711425781,
      152.42669677734375
    ],
    [
      312.3307800292969,
      190.71820068359375
    ],
    [
      268.24530029296875,
      190.91172790527344
    ]
  ],
  "c5": [
    [
      312.3691711425781,
      152.42669677734375
    ],
    [
      357.5617370605469,
      151.8855438232422
    ],
    [
      357.19989013671875,
      190.52122497558594
    ],
    [
      312.3307800292969,
      190.71820068359375
    ]
  ],
  "c6": [
    [
      357.5617370605469,
      151.8855438232422
    ],
    [
      403.5707092285156,
      151.33460998535156
    ],
    [
      402.8736572265625,
      190.3207244873047
    ],
    [
      357.19989013671875,
      190.52122497558594
    ]
  ],
  "c7": [
    [
      403.5707092285156,
      151.33460998535156
    ],
    [
      450.4183654785156,
      150.7736358642578
    ],
    [
      449.3739929199219,
      190.11659240722656
    ],
    [
      402.8736572265625,
      190.3207244873047
    ]
  ],
  "c8": [
    [
      450.4183654785156,
      150.7736358642578
    ],
    [
      498.1278991699219,
      150.2023468017578
    ],
    [
      496.7234802246094,
      189.9087371826172
    ],
    [
      449.3739929199219,
      190.11659240722656
    ]
  ],
  "d1": [
    [
      140.4905242919922,
      191.47254943847656
    ],
    [
      182.34449768066406,
      191.288818359375
    ],
    [
      183.19900512695312,
      228.07211303710938
    ],
    [
      141.6223907470703,
      227.9437255859375
    ]
  ],
  "d2": [
    [
      182.34449768066406,
      191.288818359375
    ],
    [
      224.923095703125,
      191.10191345214844
    ],
    [
      225.49044799804688,
      228.2027130126953
    ],
    [
      183.19900512695312,
      228.07211303710938
    ]
  ],
  "d3": [
    [
      224.923095703125,
      191.10191345214844
    ],
    [
      268.24530029296875,
      190.91172790527344
    ],
    [
      268.5153503417969,
      228.3355712890625
    ],
    [
      225.49044799804688,
      228.2027130126953
    ]
  ],
  "d4": [
    [
      268.24530029296875,
      190.91172790527344
    ],
    [
      312.3307800292969,
      190.71820068359375
    ],
    [
      312.2929382324219,
      228.4707489013672
    ],
    [
      268.5153503417969,
      228.3355712890625
    ]
  ],